"domain","site","grid","lat","lon","elev","nlcd"
"D01_Northeast","BART","BART_001",44.046877,-71.305115,463.7,"mixedForest"
"D01_Northeast","BART","BART_007",44.051112,-71.298377,382.7,"mixedForest"
"D01_Northeast","BART","BART_012",44.047478,-71.315451,579.9,"deciduousForest"
"D01_Northeast","BART","BART_015",44.042898,-71.275059,422.8,"mixedForest"
"D01_Northeast","BART","BART_062",44.05735,-71.308646,447.2,"deciduousForest"
"D01_Northeast","BART","BART_084",44.048501,-71.297965,416.1,"evergreenForest"
"D01_Northeast","HARV","HARV_001",42.422943,-72.258721,200.7,"deciduousForest"
"D01_Northeast","HARV","HARV_006",42.401991,-72.254785,185.7,"deciduousForest"
"D01_Northeast","HARV","HARV_008",42.443394,-72.225117,241,"deciduousForest"
"D01_Northeast","HARV","HARV_010",42.424891,-72.256376,196.7,"mixedForest"
"D01_Northeast","HARV","HARV_014",42.471298,-72.263909,206.9,"mixedForest"
"D01_Northeast","HARV","HARV_016",42.457572,-72.23064,219.8,"woodyWetlands"
"D01_Northeast","HARV","HARV_021",42.45146,-72.2518,176.7,"evergreenForest"
"D01_Northeast","HARV","HARV_023",42.412979,-72.226194,173.8,"evergreenForest"
"D01_Northeast","HARV","HARV_032",42.461612,-72.228594,240.6,"evergreenForest"
"D02_Midatlantic","BLAN","BLAN_001",39.08948,-77.9581,128.6,"deciduousForest"
"D02_Midatlantic","BLAN","BLAN_002",39.093127,-77.980786,135.5,"pastureHay"
"D02_Midatlantic","BLAN","BLAN_003",39.079499,-77.962386,120.5,"pastureHay"
"D02_Midatlantic","BLAN","BLAN_006",39.084621,-77.962278,149.3,"pastureHay"
"D02_Midatlantic","BLAN","BLAN_009",39.085574,-77.958408,134.3,"deciduousForest"
"D02_Midatlantic","SCBI","SCBI_002",38.896699,-78.142137,353.3,"deciduousForest"
"D02_Midatlantic","SCBI","SCBI_003",38.884303,-78.12146,556.3,"deciduousForest"
"D02_Midatlantic","SCBI","SCBI_004",38.898043,-78.145419,307.9,"deciduousForest"
"D02_Midatlantic","SCBI","SCBI_008",38.886446,-78.146422,361.8,"deciduousForest"
"D02_Midatlantic","SCBI","SCBI_016",38.904463,-78.160456,254.1,"deciduousForest"
"D02_Midatlantic","SCBI","SCBI_035",38.882192,-78.169985,324,"pastureHay"
"D02_Midatlantic","SCBI","SCBI_039",38.894934,-78.166558,324.4,"pastureHay"
"D02_Midatlantic","SERC","SERC_007",38.873534,-76.538146,3.9,"cultivatedCrops"
"D02_Midatlantic","SERC","SERC_008",38.872818,-76.52527,2.2,"cultivatedCrops"
"D02_Midatlantic","SERC","SERC_011",38.89944,-76.553317,32.6,"deciduousForest"
"D02_Midatlantic","SERC","SERC_014",38.874736,-76.541263,3.7,"deciduousForest"
"D02_Midatlantic","SERC","SERC_015",38.899571,-76.557256,28.2,"deciduousForest"
"D02_Midatlantic","SERC","SERC_016",38.900368,-76.546731,13.7,"deciduousForest"
"D02_Midatlantic","SERC","SERC_031",38.902962,-76.539041,14.4,"deciduousForest"
"D02_Midatlantic","SERC","SERC_032",38.895119,-76.540585,4.4,"deciduousForest"
"D03_Southeast","DSNY","DSNY_001",28.097204,-81.417175,21.1,"woodyWetlands"
"D03_Southeast","DSNY","DSNY_004",28.099481,-81.401475,20.8,"woodyWetlands"
"D03_Southeast","DSNY","DSNY_005",28.039127,-81.391902,19.7,"woodyWetlands"
"D03_Southeast","DSNY","DSNY_006",28.092915,-81.400851,20.7,"woodyWetlands"
"D03_Southeast","DSNY","DSNY_010",28.117326,-81.435682,18.1,"woodyWetlands"
"D03_Southeast","DSNY","DSNY_016",28.045236,-81.393101,19.9,"pastureHay"
"D03_Southeast","DSNY","DSNY_085",28.12383,-81.439291,18.2,"pastureHay"
"D03_Southeast","JERC","JERC_002",31.195708,-84.459355,47.3,"evergreenForest"
"D03_Southeast","JERC","JERC_003",31.195225,-84.472087,33,"deciduousForest"
"D03_Southeast","JERC","JERC_005",31.197297,-84.451595,44.7,"evergreenForest"
"D03_Southeast","JERC","JERC_006",31.188338,-84.454487,42.5,"mixedForest"
"D03_Southeast","JERC","JERC_008",31.194665,-84.449084,42.1,"mixedForest"
"D03_Southeast","JERC","JERC_009",31.194279,-84.455589,51.5,"evergreenForest"
"D03_Southeast","JERC","JERC_019",31.187331,-84.472213,35.2,"deciduousForest"
"D03_Southeast","OSBS","OSBS_002",29.705096,-81.956249,31.4,"evergreenForest"
"D03_Southeast","OSBS","OSBS_003",29.695023,-81.94563,36.1,"deciduousForest"
"D03_Southeast","OSBS","OSBS_004",29.682962,-81.958186,34.7,"evergreenForest"
"D03_Southeast","OSBS","OSBS_005",29.69516,-82.026036,28.8,"woodyWetlands"
"D03_Southeast","OSBS","OSBS_012",29.720107,-81.984994,26.6,"woodyWetlands"
"D03_Southeast","OSBS","OSBS_023",29.723545,-81.984417,24.8,"emergentHerbaceousWetlands"
"D03_Southeast","OSBS","OSBS_063",29.686137,-81.970593,38.9,"mixedForest"
"D03_Southeast","OSBS","OSBS_077",29.678868,-82.017378,29.4,"woodyWetlands"
"D04_Atlantic Neotropical","GUAN","GUAN_002",17.971419,-66.825897,93.1,"evergreenForest"
"D04_Atlantic Neotropical","GUAN","GUAN_003",17.972847,-66.86274,169.2,"evergreenForest"
"D04_Atlantic Neotropical","GUAN","GUAN_004",17.970525,-66.85241,145.6,"evergreenForest"
"D04_Atlantic Neotropical","GUAN","GUAN_005",17.968587,-66.881952,178.2,"evergreenForest"
"D04_Atlantic Neotropical","GUAN","GUAN_007",17.973626,-66.85887,181.5,"evergreenForest"
"D04_Atlantic Neotropical","GUAN","GUAN_025",17.976569,-66.872957,145.2,"evergreenForest"
"D04_Atlantic Neotropical","LAJA","LAJA_002",18.035656,-67.074736,31.1,"cultivatedCrops"
"D04_Atlantic Neotropical","LAJA","LAJA_003",18.025408,-67.079985,20.5,"pastureHay"
"D04_Atlantic Neotropical","LAJA","LAJA_005",18.025309,-67.083407,21.2,"pastureHay"
"D04_Atlantic Neotropical","LAJA","LAJA_010",18.027731,-67.083137,23,"pastureHay"
"D04_Atlantic Neotropical","LAJA","LAJA_018",18.033345,-67.073088,28.7,"cultivatedCrops"
"D04_Atlantic Neotropical","LAJA","LAJA_023",18.034536,-67.068577,25.9,"grasslandHerbaceous"
"D05_Great Lakes","STEI","STEI_001",45.810968,-90.091985,511.2,"deciduousForest"
"D05_Great Lakes","STEI","STEI_002",45.798538,-90.091314,523,"deciduousForest"
"D05_Great Lakes","STEI","STEI_005",45.826963,-90.084426,502.2,"deciduousForest"
"D05_Great Lakes","STEI","STEI_012",45.784603,-90.048055,518.9,"deciduousForest"
"D05_Great Lakes","STEI","STEI_019",45.830848,-90.073755,488.5,"mixedForest"
"D05_Great Lakes","STEI","STEI_022",45.804042,-90.049787,490.3,"woodyWetlands"
"D05_Great Lakes","TREE","TREE_002",45.493088,-89.56624,456.8,"woodyWetlands"
"D05_Great Lakes","TREE","TREE_004",45.478815,-89.55502,451.2,"woodyWetlands"
"D05_Great Lakes","TREE","TREE_016",45.495082,-89.567651,466.1,"evergreenForest"
"D05_Great Lakes","TREE","TREE_019",45.494675,-89.572192,467.7,"mixedForest"
"D05_Great Lakes","TREE","TREE_027",45.492963,-89.556703,469.2,"mixedForest"
"D05_Great Lakes","TREE","TREE_028",45.490023,-89.552829,482.4,"deciduousForest"
"D05_Great Lakes","TREE","TREE_062",45.483071,-89.569359,451.9,"evergreenForest"
"D05_Great Lakes","UNDE","UNDE_001",46.235415,-89.559203,538.4,"deciduousForest"
"D05_Great Lakes","UNDE","UNDE_002",46.244297,-89.543943,504.3,"woodyWetlands"
"D05_Great Lakes","UNDE","UNDE_003",46.25504,-89.535332,505.1,"woodyWetlands"
"D05_Great Lakes","UNDE","UNDE_008",46.255793,-89.513196,511.6,"mixedForest"
"D05_Great Lakes","UNDE","UNDE_012",46.237255,-89.502396,522.2,"woodyWetlands"
"D05_Great Lakes","UNDE","UNDE_020",46.206881,-89.483602,504,"woodyWetlands"
"D05_Great Lakes","UNDE","UNDE_027",46.211194,-89.491388,517.2,"deciduousForest"
"D05_Great Lakes","UNDE","UNDE_032",46.244036,-89.536945,510.5,"mixedForest"
"D06_Prairie Peninsula","KONA","KONA_001",39.217225,-96.59487,330.1,"cultivatedCrops"
"D06_Prairie Peninsula","KONA","KONA_003",39.216637,-96.59927,334.7,"cultivatedCrops"
"D06_Prairie Peninsula","KONA","KONA_004",39.123455,-96.639195,328.1,"cultivatedCrops"
"D06_Prairie Peninsula","KONA","KONA_006",39.125706,-96.64844,354.9,"cultivatedCrops"
"D06_Prairie Peninsula","KONA","KONA_013",39.125776,-96.640728,328.6,"cultivatedCrops"
"D06_Prairie Peninsula","KONA","KONA_016",39.121218,-96.639897,329.7,"cultivatedCrops"
"D06_Prairie Peninsula","KONZ","KONZ_001",39.075279,-96.554581,424.7,"grasslandHerbaceous"
"D06_Prairie Peninsula","KONZ","KONZ_002",39.118998,-96.544775,400.5,"grasslandHerbaceous"
"D06_Prairie Peninsula","KONZ","KONZ_003",39.087708,-96.572297,399.7,"grasslandHerbaceous"
"D06_Prairie Peninsula","KONZ","KONZ_005",39.082519,-96.568466,429.8,"grasslandHerbaceous"
"D06_Prairie Peninsula","KONZ","KONZ_006",39.070111,-96.588843,413.8,"grasslandHerbaceous"
"D06_Prairie Peninsula","KONZ","KONZ_008",39.10938,-96.54573,399.1,"grasslandHerbaceous"
"D06_Prairie Peninsula","KONZ","KONZ_027",39.102006,-96.584621,347.3,"deciduousForest"
"D06_Prairie Peninsula","KONZ","KONZ_029",39.09804,-96.602488,346.8,"deciduousForest"
"D06_Prairie Peninsula","UKFS","UKFS_003",39.052134,-95.189278,322.8,"deciduousForest"
"D06_Prairie Peninsula","UKFS","UKFS_004",39.041845,-95.202905,302.8,"deciduousForest"
"D06_Prairie Peninsula","UKFS","UKFS_007",39.03643,-95.203831,276.9,"deciduousForest"
"D06_Prairie Peninsula","UKFS","UKFS_009",39.046542,-95.20217,325.5,"grasslandHerbaceous"
"D06_Prairie Peninsula","UKFS","UKFS_010",39.05138,-95.186415,317.3,"deciduousForest"
"D06_Prairie Peninsula","UKFS","UKFS_018",39.051986,-95.193615,328,"grasslandHerbaceous"
"D07_Appalachians","GRSM","GRSM_003",35.675915,-83.473052,937.7,"deciduousForest"
"D07_Appalachians","GRSM","GRSM_013",35.683389,-83.63646,578.6,"deciduousForest"
"D07_Appalachians","GRSM","GRSM_014",35.665321,-83.523578,532.7,"deciduousForest"
"D07_Appalachians","GRSM","GRSM_015",35.731652,-83.409923,438.3,"deciduousForest"
"D07_Appalachians","GRSM","GRSM_020",35.702253,-83.360191,637.5,"deciduousForest"
"D07_Appalachians","GRSM","GRSM_033",35.697485,-83.510683,497.1,"deciduousForest"
"D07_Appalachians","GRSM","GRSM_069",35.680058,-83.489165,716.3,"deciduousForest"
"D07_Appalachians","GRSM","GRSM_070",35.681515,-83.555659,509.1,"deciduousForest"
"D07_Appalachians","GRSM","GRSM_071",35.709126,-83.378324,533.8,"deciduousForest"
"D07_Appalachians","MLBS","MLBS_002",37.372601,-80.52293,1186.5,"deciduousForest"
"D07_Appalachians","MLBS","MLBS_003",37.369823,-80.526881,1204.9,"deciduousForest"
"D07_Appalachians","MLBS","MLBS_004",37.427968,-80.511905,903.3,"deciduousForest"
"D07_Appalachians","MLBS","MLBS_006",37.4282,-80.564248,785.7,"deciduousForest"
"D07_Appalachians","MLBS","MLBS_008",37.427518,-80.500559,929.5,"deciduousForest"
"D07_Appalachians","MLBS","MLBS_009",37.375726,-80.517928,1176.3,"deciduousForest"
"D07_Appalachians","ORNL","ORNL_001",35.931517,-84.271038,249.1,"deciduousForest"
"D07_Appalachians","ORNL","ORNL_002",35.980657,-84.212085,265.3,"deciduousForest"
"D07_Appalachians","ORNL","ORNL_003",35.965425,-84.229179,264.5,"deciduousForest"
"D07_Appalachians","ORNL","ORNL_007",35.924871,-84.331437,287,"deciduousForest"
"D07_Appalachians","ORNL","ORNL_027",35.915846,-84.264271,257.1,"evergreenForest"
"D07_Appalachians","ORNL","ORNL_039",35.934906,-84.246979,259.6,"pastureHay"
"D08_Ozarks","DELA","DELA_001",32.53179,-87.806963,25.8,"woodyWetlands"
"D08_Ozarks","DELA","DELA_002",32.532325,-87.817404,22.5,"woodyWetlands"
"D08_Ozarks","DELA","DELA_007",32.538446,-87.802968,24,"woodyWetlands"
"D08_Ozarks","DELA","DELA_026",32.533234,-87.811651,28.7,"evergreenForest"
"D08_Ozarks","LENO","LENO_002",31.807702,-88.192692,12.7,"woodyWetlands"
"D08_Ozarks","LENO","LENO_003",31.806969,-88.188209,14.3,"deciduousForest"
"D08_Ozarks","LENO","LENO_006",31.815234,-88.186236,13.8,"woodyWetlands"
"D08_Ozarks","LENO","LENO_008",31.814529,-88.191341,14,"deciduousForest"
"D08_Ozarks","LENO","LENO_015",31.816515,-88.192982,13.7,"woodyWetlands"
"D08_Ozarks","LENO","LENO_022",31.816574,-88.203144,12.9,"deciduousForest"
"D08_Ozarks","LENO","LENO_031",31.822791,-88.18867,17.5,"woodyWetlands"
"D08_Ozarks","TALL","TALL_005",32.896732,-87.398771,125.4,"mixedForest"
"D08_Ozarks","TALL","TALL_006",32.899343,-87.447301,111,"evergreenForest"
"D08_Ozarks","TALL","TALL_010",32.925717,-87.418569,150.1,"deciduousForest"
"D08_Ozarks","TALL","TALL_012",32.918043,-87.397403,144.3,"mixedForest"
"D08_Ozarks","TALL","TALL_013",32.884362,-87.452841,116.6,"evergreenForest"
"D08_Ozarks","TALL","TALL_015",32.916575,-87.436582,112.2,"deciduousForest"
"D08_Ozarks","TALL","TALL_024",32.923284,-87.420296,126,"deciduousForest"
"D08_Ozarks","TALL","TALL_031",32.899006,-87.387449,152.7,"evergreenForest"
"D09_Northern Plains","DCFS","DCFS_003",47.204875,-99.184072,586.1,"grasslandHerbaceous"
"D09_Northern Plains","DCFS","DCFS_004",47.170237,-99.05172,507.7,"grasslandHerbaceous"
"D09_Northern Plains","DCFS","DCFS_006",47.174408,-99.050112,496.5,"grasslandHerbaceous"
"D09_Northern Plains","DCFS","DCFS_009",47.210861,-99.183174,587.4,"grasslandHerbaceous"
"D09_Northern Plains","DCFS","DCFS_014",47.120533,-99.056896,569.2,"grasslandHerbaceous"
"D09_Northern Plains","DCFS","DCFS_020",47.169185,-99.054844,516,"grasslandHerbaceous"
"D09_Northern Plains","NOGP","NOGP_002",46.799664,-100.91077,547.4,"grasslandHerbaceous"
"D09_Northern Plains","NOGP","NOGP_005",46.788065,-100.913882,562.2,"grasslandHerbaceous"
"D09_Northern Plains","NOGP","NOGP_007",46.810415,-100.903576,519.6,"grasslandHerbaceous"
"D09_Northern Plains","NOGP","NOGP_009",46.800461,-100.914403,541,"grasslandHerbaceous"
"D09_Northern Plains","NOGP","NOGP_010",46.766411,-100.917537,588.6,"grasslandHerbaceous"
"D09_Northern Plains","NOGP","NOGP_014",46.806003,-100.902845,526.4,"grasslandHerbaceous"
"D09_Northern Plains","NOGP","NOGP_017",46.791856,-100.918686,556.8,"grasslandHerbaceous"
"D09_Northern Plains","WOOD","WOOD_001",47.12949,-99.25848,595.7,"grasslandHerbaceous"
"D09_Northern Plains","WOOD","WOOD_002",47.135132,-99.232151,570.8,"grasslandHerbaceous"
"D09_Northern Plains","WOOD","WOOD_003",47.12016,-99.239066,586.4,"grasslandHerbaceous"
"D09_Northern Plains","WOOD","WOOD_006",47.14358,-99.247798,591.7,"grasslandHerbaceous"
"D09_Northern Plains","WOOD","WOOD_007",47.136131,-99.249898,589.6,"grasslandHerbaceous"
"D09_Northern Plains","WOOD","WOOD_008",47.143048,-99.21261,574,"grasslandHerbaceous"
"D09_Northern Plains","WOOD","WOOD_009",47.145477,-99.234645,587.1,"grasslandHerbaceous"
"D09_Northern Plains","WOOD","WOOD_010",47.145555,-99.226499,584.8,"grasslandHerbaceous"
"D09_Northern Plains","WOOD","WOOD_011",47.128426,-99.264206,600.1,"grasslandHerbaceous"
"D09_Northern Plains","WOOD","WOOD_013",47.13897,-99.23014,581.7,"grasslandHerbaceous"
"D09_Northern Plains","WOOD","WOOD_015",47.15096,-99.23311,593.3,"grasslandHerbaceous"
"D10_Central Plains","CPER","CPER_002",40.810459,-104.730866,1649.7,"grasslandHerbaceous"
"D10_Central Plains","CPER","CPER_004",40.813091,-104.698536,1622.1,"grasslandHerbaceous"
"D10_Central Plains","CPER","CPER_005",40.854109,-104.726916,1664.7,"grasslandHerbaceous"
"D10_Central Plains","CPER","CPER_006",40.813581,-104.748751,1650.2,"grasslandHerbaceous"
"D10_Central Plains","CPER","CPER_008",40.798781,-104.747491,1644,"grasslandHerbaceous"
"D10_Central Plains","CPER","CPER_009",40.82539,-104.747338,1647.5,"grasslandHerbaceous"
"D10_Central Plains","CPER","CPER_011",40.86758,-104.703635,1647.1,"grasslandHerbaceous"
"D10_Central Plains","CPER","CPER_015",40.853174,-104.74301,1662.3,"grasslandHerbaceous"
"D10_Central Plains","RMNP","RMNP_003",40.201684,-105.481869,2644.2,"evergreenForest"
"D10_Central Plains","RMNP","RMNP_004",40.188167,-105.540719,2768.6,"evergreenForest"
"D10_Central Plains","RMNP","RMNP_005",40.169149,-105.527141,2744.2,"evergreenForest"
"D10_Central Plains","RMNP","RMNP_009",40.204106,-105.479761,2689.6,"evergreenForest"
"D10_Central Plains","RMNP","RMNP_013",40.197704,-105.485241,2632,"evergreenForest"
"D10_Central Plains","RMNP","RMNP_014",40.162417,-105.533161,2783.9,"evergreenForest"
"D10_Central Plains","STER","STER_006",40.462418,-103.035457,1360.9,"cultivatedCrops"
"D10_Central Plains","STER","STER_026",40.473551,-103.025194,1364.6,"cultivatedCrops"
"D10_Central Plains","STER","STER_027",40.480573,-103.021063,1368.4,"cultivatedCrops"
"D10_Central Plains","STER","STER_028",40.473576,-103.020055,1359.8,"cultivatedCrops"
"D10_Central Plains","STER","STER_029",40.468354,-103.013501,1357.9,"cultivatedCrops"
"D10_Central Plains","STER","STER_031",40.470356,-103.013883,1358.1,"cultivatedCrops"
"D11_Southern Plains","CLBJ","CLBJ_033",33.379549,-97.620436,312.2,"deciduousForest"
"D11_Southern Plains","CLBJ","CLBJ_034",33.322513,-97.578066,325,"grasslandHerbaceous"
"D11_Southern Plains","CLBJ","CLBJ_037",33.320829,-97.583125,328,"grasslandHerbaceous"
"D11_Southern Plains","CLBJ","CLBJ_039",33.328603,-97.582408,315.1,"grasslandHerbaceous"
"D11_Southern Plains","CLBJ","CLBJ_040",33.378889,-97.64828,324.5,"deciduousForest"
"D11_Southern Plains","CLBJ","CLBJ_041",33.412252,-97.662234,302.3,"grasslandHerbaceous"
"D11_Southern Plains","CLBJ","CLBJ_042",33.371728,-97.596108,304,"deciduousForest"
"D11_Southern Plains","CLBJ","CLBJ_057",33.374409,-97.642297,322.1,"deciduousForest"
"D11_Southern Plains","OAES","OAES_001",35.413861,-99.058786,517.8,"grasslandHerbaceous"
"D11_Southern Plains","OAES","OAES_002",35.419111,-99.05085,516.9,"grasslandHerbaceous"
"D11_Southern Plains","OAES","OAES_003",35.411667,-99.071306,506.6,"grasslandHerbaceous"
"D11_Southern Plains","OAES","OAES_004",35.413166,-99.084368,507.6,"grasslandHerbaceous"
"D11_Southern Plains","OAES","OAES_007",35.41942,-99.055808,522.6,"shrubScrub"
"D11_Southern Plains","OAES","OAES_010",35.398093,-99.059661,500.6,"grasslandHerbaceous"
"D11_Southern Plains","OAES","OAES_029",35.416811,-99.050808,517.3,"shrubScrub"
"D11_Southern Plains","OAES","OAES_030",35.40875,-99.071305,507.1,"shrubScrub"
"D12_Northern Rockies","YELL","YELL_001",44.918169,-110.408714,1904.1,"shrubScrub"
"D12_Northern Rockies","YELL","YELL_011",44.957982,-110.589389,2022.1,"shrubScrub"
"D12_Northern Rockies","YELL","YELL_020",44.943811,-110.646584,2104.1,"evergreenForest"
"D12_Northern Rockies","YELL","YELL_023",44.938201,-110.630976,2062.4,"evergreenForest"
"D12_Northern Rockies","YELL","YELL_031",44.95647,-110.510295,2136.2,"shrubScrub"
"D12_Northern Rockies","YELL","YELL_032",44.951333,-110.449548,1964.2,"shrubScrub"
"D12_Northern Rockies","YELL","YELL_072",44.953028,-110.501272,2136.8,"shrubScrub"
"D13_Southern Rockies","MOAB","MOAB_002",38.209249,-109.41456,1774,"shrubScrub"
"D13_Southern Rockies","MOAB","MOAB_003",38.259956,-109.348988,2004.2,"evergreenForest"
"D13_Southern Rockies","MOAB","MOAB_004",38.232941,-109.398912,1760,"shrubScrub"
"D13_Southern Rockies","MOAB","MOAB_006",38.236238,-109.404418,1761.2,"shrubScrub"
"D13_Southern Rockies","MOAB","MOAB_007",38.266703,-109.339949,1989.6,"shrubScrub"
"D13_Southern Rockies","MOAB","MOAB_008",38.23088,-109.387247,1761.4,"shrubScrub"
"D13_Southern Rockies","MOAB","MOAB_009",38.259554,-109.423615,1797,"shrubScrub"
"D13_Southern Rockies","MOAB","MOAB_025",38.268912,-109.349213,2028.7,"evergreenForest"
"D13_Southern Rockies","NIWO","NIWO_001",40.041034,-105.560474,3206.4,"evergreenForest"
"D13_Southern Rockies","NIWO","NIWO_002",40.03929,-105.547048,3037.8,"evergreenForest"
"D13_Southern Rockies","NIWO","NIWO_005",40.042414,-105.569904,3254.3,"evergreenForest"
"D13_Southern Rockies","NIWO","NIWO_007",40.037963,-105.563834,3182.2,"evergreenForest"
"D13_Southern Rockies","NIWO","NIWO_023",40.055385,-105.569346,3487.4,"grasslandHerbaceous"
"D13_Southern Rockies","NIWO","NIWO_025",40.054343,-105.572751,3483.1,"grasslandHerbaceous"
"D14_Desert Southwest","JORN","JORN_001",32.605706,-106.803361,1324.8,"shrubScrub"
"D14_Desert Southwest","JORN","JORN_007",32.608598,-106.858163,1324.7,"shrubScrub"
"D14_Desert Southwest","JORN","JORN_011",32.606853,-106.795376,1324.9,"shrubScrub"
"D14_Desert Southwest","JORN","JORN_017",32.607847,-106.848717,1317.3,"shrubScrub"
"D14_Desert Southwest","JORN","JORN_018",32.619955,-106.84616,1323.5,"shrubScrub"
"D14_Desert Southwest","JORN","JORN_031",32.60541,-106.827426,1330.9,"shrubScrub"
"D14_Desert Southwest","SRER","SRER_002",31.869165,-110.857931,1029.1,"shrubScrub"
"D14_Desert Southwest","SRER","SRER_005",31.829213,-110.825508,1243.7,"shrubScrub"
"D14_Desert Southwest","SRER","SRER_007",31.898586,-110.876603,933.6,"shrubScrub"
"D14_Desert Southwest","SRER","SRER_008",31.86625,-110.813698,1183.9,"shrubScrub"
"D14_Desert Southwest","SRER","SRER_009",31.844532,-110.836396,1142.3,"shrubScrub"
"D14_Desert Southwest","SRER","SRER_012",31.871302,-110.848939,1052.2,"shrubScrub"
"D14_Desert Southwest","SRER","SRER_014",31.8727,-110.885916,967.3,"shrubScrub"
"D14_Desert Southwest","SRER","SRER_023",31.854235,-110.857634,1059.2,"shrubScrub"
"D15_Great Basin","ONAQ","ONAQ_003",40.206225,-112.428493,1604.6,"shrubScrub"
"D15_Great Basin","ONAQ","ONAQ_004",40.186515,-112.474083,1718.1,"shrubScrub"
"D15_Great Basin","ONAQ","ONAQ_005",40.180753,-112.429727,1607.9,"shrubScrub"
"D15_Great Basin","ONAQ","ONAQ_008",40.158597,-112.519798,1794.9,"evergreenForest"
"D15_Great Basin","ONAQ","ONAQ_014",40.206674,-112.447162,1642.4,"shrubScrub"
"D15_Great Basin","ONAQ","ONAQ_015",40.150341,-112.479169,1660.9,"shrubScrub"
"D15_Great Basin","ONAQ","ONAQ_017",40.190506,-112.517316,1919.6,"evergreenForest"
"D15_Great Basin","ONAQ","ONAQ_019",40.174342,-112.480716,1724.4,"shrubScrub"
"D15_Great Basin","ONAQ","ONAQ_020",40.183889,-112.436683,1627.6,"shrubScrub"
"D15_Great Basin","ONAQ","ONAQ_021",40.152456,-112.542082,1881.1,"evergreenForest"
"D15_Great Basin","ONAQ","ONAQ_023",40.195079,-112.504944,1881.2,"evergreenForest"
"D16_Pacific Northwest","ABBY","ABBY_002",45.740362,-122.309739,624.5,"grasslandHerbaceous"
"D16_Pacific Northwest","ABBY","ABBY_003",45.761271,-122.369389,610.4,"evergreenForest"
"D16_Pacific Northwest","ABBY","ABBY_004",45.76854,-122.300356,553.8,"shrubScrub"
"D16_Pacific Northwest","ABBY","ABBY_007",45.768772,-122.362991,465.5,"evergreenForest"
"D16_Pacific Northwest","ABBY","ABBY_010",45.777213,-122.373675,574.6,"evergreenForest"
"D16_Pacific Northwest","ABBY","ABBY_011",45.743532,-122.356199,428.8,"grasslandHerbaceous"
"D16_Pacific Northwest","ABBY","ABBY_014",45.749698,-122.317306,503.7,"evergreenForest"
"D16_Pacific Northwest","ABBY","ABBY_023",45.746374,-122.381402,524,"mixedForest"
"D16_Pacific Northwest","WREF","WREF_001",45.845118,-121.998227,653.2,"evergreenForest"
"D16_Pacific Northwest","WREF","WREF_003",45.830331,-122.017459,603.6,"evergreenForest"
"D16_Pacific Northwest","WREF","WREF_004",45.823605,-121.997062,565.8,"evergreenForest"
"D16_Pacific Northwest","WREF","WREF_005",45.844085,-122.004487,672.6,"evergreenForest"
"D16_Pacific Northwest","WREF","WREF_007",45.848697,-121.989621,620.1,"evergreenForest"
"D16_Pacific Northwest","WREF","WREF_010",45.82746,-121.850099,677.3,"evergreenForest"
"D16_Pacific Northwest","WREF","WREF_011",45.834675,-121.981445,629.9,"evergreenForest"
"D16_Pacific Northwest","WREF","WREF_012",45.841757,-121.862857,321.3,"evergreenForest"
"D17_Pacific Southwest","SJER","SJER_002",37.081628,-119.742642,340.6,"grasslandHerbaceous"
"D17_Pacific Southwest","SJER","SJER_006",37.101706,-119.749027,386.6,"grasslandHerbaceous"
"D17_Pacific Southwest","SJER","SJER_007",37.114814,-119.752042,430.7,"grasslandHerbaceous"
"D17_Pacific Southwest","SJER","SJER_009",37.116909,-119.739947,433.7,"grasslandHerbaceous"
"D17_Pacific Southwest","SJER","SJER_010",37.128448,-119.7478,418.1,"evergreenForest"
"D17_Pacific Southwest","SJER","SJER_012",37.084404,-119.715586,327.2,"grasslandHerbaceous"
"D17_Pacific Southwest","SJER","SJER_013",37.082596,-119.729144,269.4,"evergreenForest"
"D17_Pacific Southwest","SJER","SJER_032",37.092605,-119.744726,344.8,"grasslandHerbaceous"
"D17_Pacific Southwest","SJER","SJER_033",37.081572,-119.715119,324.2,"grasslandHerbaceous"
"D17_Pacific Southwest","SOAP","SOAP_002",37.029932,-119.282908,1309.7,"evergreenForest"
"D17_Pacific Southwest","SOAP","SOAP_003",37.03517,-119.249789,1106.1,"evergreenForest"
"D17_Pacific Southwest","SOAP","SOAP_006",37.02636,-119.282201,1312.4,"evergreenForest"
"D17_Pacific Southwest","SOAP","SOAP_012",37.0313,-119.275214,1366.8,"evergreenForest"
"D17_Pacific Southwest","SOAP","SOAP_027",37.029099,-119.27897,1280.8,"shrubScrub"
"D17_Pacific Southwest","TEAK","TEAK_001",36.978209,-119.016437,2168.6,"evergreenForest"
"D17_Pacific Southwest","TEAK","TEAK_003",37.014173,-119.01132,2231.4,"evergreenForest"
"D17_Pacific Southwest","TEAK","TEAK_004",37.001618,-119.037596,2170.5,"evergreenForest"
"D17_Pacific Southwest","TEAK","TEAK_007",36.998941,-119.052319,2114.2,"evergreenForest"
"D17_Pacific Southwest","TEAK","TEAK_010",37.015799,-119.049156,2203,"evergreenForest"
"D17_Pacific Southwest","TEAK","TEAK_025",36.989286,-119.023209,2306.7,"shrubScrub"
"D17_Pacific Southwest","TEAK","TEAK_032",37.055469,-118.981733,2540.3,"shrubScrub"
"D18_Northeast","BARR","BARR_030",71.2477,-156.425986,6.2,"sedgeHerbaceous"
"D18_Northeast","BARR","BARR_036",71.254318,-156.502873,5.4,"sedgeHerbaceous"
"D18_Northeast","BARR","BARR_037",71.250062,-156.48085,5.1,"sedgeHerbaceous"
"D18_Northeast","BARR","BARR_044",71.249902,-156.434698,4.6,"sedgeHerbaceous"
"D18_Northeast","BARR","BARR_083",71.242731,-156.3288,3.6,"sedgeHerbaceous"
"D18_Northeast","BARR","BARR_084",71.247904,-156.440133,4.8,"sedgeHerbaceous"
"D18_Northeast","TOOL","TOOL_002",68.628701,-149.344443,856.6,"dwarfScrub"
"D18_Northeast","TOOL","TOOL_007",68.645207,-149.359253,857.2,"dwarfScrub"
"D18_Northeast","TOOL","TOOL_031",68.600789,-149.503828,905.9,"dwarfScrub"
"D18_Northeast","TOOL","TOOL_071",68.599097,-149.507447,890.7,"dwarfScrub"
"D18_Northeast","TOOL","TOOL_073",68.642251,-149.581145,717.7,"sedgeHerbaceous"
"D18_Northeast","TOOL","TOOL_076",68.624715,-149.565958,764.1,"dwarfScrub"
"D18_Northeast","TOOL","TOOL_077",68.625906,-149.337798,874.9,"sedgeHerbaceous"
"D18_Northeast","TOOL","TOOL_078",68.646164,-149.574428,724.1,"shrubScrub"
"D19_Midatlantic","BONA","BONA_002",65.163195,-147.530268,473,"deciduousForest"
"D19_Midatlantic","BONA","BONA_004",65.192017,-147.536397,663,"evergreenForest"
"D19_Midatlantic","BONA","BONA_014",65.174979,-147.463042,279,"deciduousForest"
"D19_Midatlantic","BONA","BONA_020",65.187086,-147.547446,621.5,"evergreenForest"
"D19_Midatlantic","BONA","BONA_023",65.164404,-147.511696,366.9,"shrubScrub"
"D19_Midatlantic","BONA","BONA_033",65.15478,-147.521723,285.4,"deciduousForest"
"D19_Midatlantic","BONA","BONA_094",65.163698,-147.496318,271.6,"mixedForest"
"D19_Midatlantic","DEJU","DEJU_001",63.891171,-145.768626,497,"shrubScrub"
"D19_Midatlantic","DEJU","DEJU_003",63.929416,-145.752073,451.7,"shrubScrub"
"D19_Midatlantic","DEJU","DEJU_005",63.899671,-145.758321,480.4,"shrubScrub"
"D19_Midatlantic","DEJU","DEJU_006",63.83638,-145.747622,540.9,"evergreenForest"
"D19_Midatlantic","DEJU","DEJU_014",63.832148,-145.745422,541.5,"evergreenForest"
"D19_Midatlantic","DEJU","DEJU_017",63.882021,-145.781394,518.4,"evergreenForest"
"D19_Midatlantic","HEAL","HEAL_002",63.871874,-149.243171,693.4,"dwarfScrub"
"D19_Midatlantic","HEAL","HEAL_010",63.878494,-149.264537,657.5,"shrubScrub"
"D19_Midatlantic","HEAL","HEAL_014",63.886747,-149.276829,671.2,"shrubScrub"
"D19_Midatlantic","HEAL","HEAL_016",63.87868,-149.202926,641.8,"shrubScrub"
"D19_Midatlantic","HEAL","HEAL_031",63.875024,-149.239578,677.5,"dwarfScrub"
"D19_Midatlantic","HEAL","HEAL_032",63.883024,-149.267486,662.3,"shrubScrub"
"D19_Midatlantic","HEAL","HEAL_033",63.875646,-149.25754,671.3,"shrubScrub"
"D19_Midatlantic","HEAL","HEAL_034",63.877737,-149.185738,633.9,"shrubScrub"
